{
  "results": [
    {
      "index": 0,
      "relevanceScore": 0.5110583305358887
    },
    {
      "index": 5,
      "relevanceScore": 0.30241215229034424
    }
  ]
}
