{
  "predictions": [
    {
      "embeddings": {
        "statistics": {
          "token_count": 5,
          "truncated": false
        },
        "values": [
          -0.017999587580561638, -0.006893285550177097, -0.036766719073057175,
          -0.017558680847287178, -0.019938766956329346
        ]
      }
    },
    {
      "embeddings": {
        "statistics": {
          "truncated": false,
          "token_count": 6
        },
        "values": [
          -0.06007182598114014, 0.004907649010419846, -0.00690646655857563,
          -0.007314121350646019, -0.048464205116033554
        ]
      }
    }
  ],
  "metadata": {
    "billableCharacterCount": 35
  }
}
